{"cameraMode":{"drawMode":0,"name":"Shaded","section":"Shading Mode"},"sceneLighting":true,"audioPlay":false,"sceneViewState":{"m_AlwaysRefresh":false,"showFog":true,"showSkybox":true,"showFlares":true,"showImageEffects":true,"showParticleSystems":true,"showVisualEffectGraphs":true,"m_FxEnabled":true},"in2DMode":false,"pivot":{"x":0.3448503017425537,"y":0.6506955027580261,"z":-11.358369827270508},"rotation":{"x":-0.07716867327690125,"y":-0.8416282534599304,"z":0.12495917826890946,"w":-0.519723653793335},"size":1.8014647960662842,"orthographic":true}